0	science:science-277:2026-02-06
1	science:science-371:2026-02-06
2	science:science-402:2026-02-06
3	science:science-410:2026-02-06
4	science:science-471:2026-02-06
5	science:science-472:2026-02-06
6	science:science-476:2026-02-06
7	science:science-477:2026-02-06
8	science:science-478:2026-02-06
9	science:science-479:2026-02-06
10	science:science-482:2026-02-06
11	science:science-483:2026-02-06
12	science:science-484:2026-02-06
13	science:science-486:2026-02-06
14	science:science-490:2026-02-06
15	science:science-520:2026-02-06
16	science:science-521:2026-02-06
17	science:science-526:2026-02-06
18	science:science-527:2026-02-06
19	science:science-528:2026-02-06
20	science:science-529:2026-02-06
21	science:science-530:2026-02-06
22	science:science-531:2026-02-06
23	science:science-533:2026-02-06
24	science:science-574:2026-02-06
25	science:science-579:2026-02-06
26	science:science-602:2026-02-06
27	science:science-610:2026-02-06
28	science:study-pod-2a:2026-02-06
29	science:study-pod-2b:2026-02-06
30	langson:langson-380:2026-02-06
31	langson:langson-382:2026-02-06
32	langson:langson-386:2026-02-06
33	langson:langson-388:2026-02-06
34	langson:langson-390:2026-02-06
35	langson:langson-392:2026-02-06
36	langson:langson-394:2026-02-06
37	langson:langson-396:2026-02-06
38	langson:study-pod-1a:2026-02-06
39	langson:study-pod-1b:2026-02-06
40	langson:study-pod-1c:2026-02-06
41	langson:study-pod-1d:2026-02-06
42	langson:study-pod-1e:2026-02-06
43	langson:study-pod-2a:2026-02-06
44	langson:study-pod-2b:2026-02-06
45	langson:study-pod-2c:2026-02-06
46	langson:study-pod-2d:2026-02-06
